{
  "Region": "eu-north-1",
  "Services": {
    "DynamoDB": {
      "TableName": "insurance-claims",
      "BillingMode": "PAY_PER_REQUEST",
      "Schema": {
        "AttributeDefinitions": [
          {
            "AttributeName": "claim_id",
            "AttributeType": "S"
          },
          {
            "AttributeName": "created_at",
            "AttributeType": "S"
          }
        ],
        "KeySchema": [
          {
            "AttributeName": "claim_id",
            "KeyType": "HASH"
          }
        ],
        "GlobalSecondaryIndexes": [
          {
            "IndexName": "status-created_at-index",
            "KeySchema": [
              {
                "AttributeName": "status",
                "KeyType": "HASH"
              },
              {
                "AttributeName": "created_at",
                "KeyType": "RANGE"
              }
            ],
            "Projection": {
              "ProjectionType": "ALL"
            },
            "ProvisionedThroughput": {
              "ReadCapacityUnits": 5,
              "WriteCapacityUnits": 5
            }
          }
        ],
        "StreamSpecification": {
          "StreamViewType": "NEW_AND_OLD_IMAGES"
        }
      }
    },
    "S3": {
      "BucketName": "insurance-claims-bucket",
      "Versioning": true,
      "PublicAccessBlockConfiguration": {
        "BlockPublicAcls": true,
        "BlockPublicPolicy": true,
        "IgnorePublicAcls": true,
        "RestrictPublicBuckets": true
      },
      "LifecyclePolicy": {
        "Rules": [
          {
            "Id": "archive-old-documents",
            "Status": "Enabled",
            "Prefix": "claims/",
            "Transitions": [
              {
                "Days": 90,
                "StorageClass": "GLACIER"
              }
            ],
            "Expiration": {
              "Days": 2555
            }
          }
        ]
      }
    },
    "IAM": {
      "RoleName": "insurance-claim-app-role",
      "Policies": [
        {
          "PolicyName": "dynamodb-access",
          "Statement": [
            {
              "Effect": "Allow",
              "Action": [
                "dynamodb:GetItem",
                "dynamodb:PutItem",
                "dynamodb:UpdateItem",
                "dynamodb:DeleteItem",
                "dynamodb:Query",
                "dynamodb:Scan"
              ],
              "Resource": "arn:aws:dynamodb:eu-north-1:*:table/insurance-claims*"
            }
          ]
        },
        {
          "PolicyName": "s3-access",
          "Statement": [
            {
              "Effect": "Allow",
              "Action": ["s3:GetObject", "s3:PutObject", "s3:DeleteObject", "s3:ListBucket"],
              "Resource": ["arn:aws:s3:::insurance-claims-bucket", "arn:aws:s3:::insurance-claims-bucket/*"]
            }
          ]
        },
        {
          "PolicyName": "cloudwatch-logs",
          "Statement": [
            {
              "Effect": "Allow",
              "Action": ["logs:CreateLogGroup", "logs:CreateLogStream", "logs:PutLogEvents"],
              "Resource": "arn:aws:logs:eu-north-1:*:*"
            }
          ]
        }
      ]
    }
  }
}
