{
  "pipeline": {
    "name": "InsuranceClaimAppPipeline",
    "roleArn": "arn:aws:iam::498048453643:role/CodePipelineServiceRole",
    "artifactStore": {
      "type": "S3",
      "location": "insurance-claim-pipeline-artifacts"
    },
    "stages": [
      {
        "name": "Source",
        "actions": [
          {
            "name": "SourceAction",
            "actionTypeId": {
              "category": "Source",
              "owner": "AWS",
              "provider": "CodeCommit",
              "version": "1"
            },
            "configuration": {
              "RepositoryName": "insurance-claim-app",
              "BranchName": "main",
              "PollForSourceChanges": false
            },
            "outputArtifacts": [
              {
                "name": "SourceOutput"
              }
            ]
          }
        ]
      },
      {
        "name": "Build",
        "actions": [
          {
            "name": "BuildAction",
            "actionTypeId": {
              "category": "Build",
              "owner": "AWS",
              "provider": "CodeBuild",
              "version": "1"
            },
            "configuration": {
              "ProjectName": "InsuranceClaimAppBuild"
            },
            "inputArtifacts": [
              {
                "name": "SourceOutput"
              }
            ],
            "outputArtifacts": [
              {
                "name": "BuildOutput"
              }
            ]
          }
        ]
      },
      {
        "name": "Deploy",
        "actions": [
          {
            "name": "DeployAction",
            "actionTypeId": {
              "category": "Deploy",
              "owner": "AWS",
              "provider": "CodeDeploy",
              "version": "1"
            },
            "configuration": {
              "ApplicationName": "InsuranceClaimApp",
              "DeploymentGroupName": "Production"
            },
            "inputArtifacts": [
              {
                "name": "BuildOutput"
              }
            ]
          }
        ]
      }
    ]
  },
  "codebuild_project": {
    "name": "InsuranceClaimAppBuild",
    "source": {
      "type": "CODEPIPELINE"
    },
    "artifacts": {
      "type": "CODEPIPELINE"
    },
    "environment": {
      "computeType": "BUILD_GENERAL1_SMALL",
      "image": "aws/codebuild/amazonlinux2-x86_64-standard:3.0",
      "type": "LINUX_CONTAINER",
      "environmentVariables": [
        {
          "name": "AWS_REGION",
          "value": "eu-north-1"
        },
        {
          "name": "DYNAMODB_TABLE_NAME",
          "value": "insurance-claims"
        },
        {
          "name": "S3_BUCKET_NAME",
          "value": "claim-insurance-buck-et"
        }
      ]
    },
    "serviceRole": "arn:aws:iam::498048453643:role/CodeBuildServiceRole",
    "logsConfig": {
      "cloudWatchLogs": {
        "status": "ENABLED",
        "groupName": "/aws/codebuild/insurance-claim-app"
      }
    }
  },
  "codedeploy_config": {
    "applicationName": "InsuranceClaimApp",
    "deploymentGroupName": "Production",
    "serviceRoleArn": "arn:aws:iam::498048453643:role/CodeDeployServiceRole",
    "deploymentConfigName": "CodeDeployDefault.OneAtATime",
    "ec2TagFilters": [
      {
        "Key": "Environment",
        "Value": "Production"
      }
    ],
    "autoRollbackConfiguration": {
      "enabled": true,
      "events": ["DEPLOYMENT_FAILURE", "DEPLOYMENT_STOP_ON_TIMEOUT"]
    }
  }
}
